{
  "controller/App.controller.js": 1624430911588,
  "controller/Worklist.controller.js": 1624430911596,
  "model/models.js": 1624430911604,
  "model/formatter.js": 1624430911600,
  "manifest.json": 1624442237949,
  "controller/Object.controller.js": 1624430911596,
  "controller/NotFound.controller.js": 1624430911592,
  "controller/ErrorHandler.js": 1624430911592,
  "controller/BaseController.js": 1624430911592,
  "i18n/i18n.properties": 1624441718895,
  "Component.js": 1624430911588,
  "manifest-bundle.zip": 1624442237975,
  "Component-preload.js": 1624442238716,
  "controller/BaseController-dbg.js": 1624430911592,
  "model/formatter-dbg.js": 1624430911600,
  "controller/Worklist-dbg.controller.js": 1624430911596,
  "controller/Object-dbg.controller.js": 1624430911596,
  "controller/NotFound-dbg.controller.js": 1624430911592,
  "controller/ErrorHandler-dbg.js": 1624430911592,
  "model/models-dbg.js": 1624430911604,
  "controller/App-dbg.controller.js": 1624430911588,
  "Component-dbg.js": 1624430911588,
  "view/Worklist.view.xml": 1624430911636,
  "view/ObjectNotFound.view.xml": 1624430911632,
  "view/Object.view.xml": 1624430911632,
  "view/NotFound.view.xml": 1624430911632,
  "view/App.view.xml": 1624430911632,
  "test.html": 1624430911628,
  "index.html": 1624430911600
}