{
  "controller/BaseController.js": 1624441856411,
  "controller/App.controller.js": 1624441856407,
  "model/models.js": 1624441856423,
  "model/formatter.js": 1624441856419,
  "controller/Worklist.controller.js": 1624441856415,
  "controller/Object.controller.js": 1624441856411,
  "controller/NotFound.controller.js": 1624441856411,
  "controller/ErrorHandler.js": 1624441856411,
  "i18n/i18n.properties": 1624441856415,
  "manifest.json": 1624442217281,
  "Component.js": 1624441856407,
  "manifest-bundle.zip": 1624442217301,
  "Component-preload.js": 1624442217895,
  "controller/App-dbg.controller.js": 1624441856407,
  "model/formatter-dbg.js": 1624441856419,
  "controller/Worklist-dbg.controller.js": 1624441856415,
  "controller/Object-dbg.controller.js": 1624441856411,
  "controller/NotFound-dbg.controller.js": 1624441856411,
  "controller/ErrorHandler-dbg.js": 1624441856411,
  "controller/BaseController-dbg.js": 1624441856411,
  "model/models-dbg.js": 1624441856423,
  "Component-dbg.js": 1624441856407,
  "view/Worklist.view.xml": 1624441856467,
  "view/ObjectNotFound.view.xml": 1624441856463,
  "view/Object.view.xml": 1624441856463,
  "view/NotFound.view.xml": 1624441856463,
  "view/App.view.xml": 1624441856459,
  "test.html": 1624441856459,
  "index.html": 1624441856419
}