{
  "controller/ErrorHandler.js": 1624441358422,
  "controller/Worklist.controller.js": 1624441358426,
  "model/models.js": 1624441358446,
  "model/formatter.js": 1624441358446,
  "manifest.json": 1624442263803,
  "controller/Object.controller.js": 1624441358426,
  "controller/NotFound.controller.js": 1624441358422,
  "i18n/i18n.properties": 1624441358430,
  "controller/BaseController.js": 1624441358422,
  "controller/App.controller.js": 1624441358418,
  "Component.js": 1624441358414,
  "manifest-bundle.zip": 1624442263891,
  "Component-preload.js": 1624442266806,
  "model/formatter-dbg.js": 1624441358446,
  "model/models-dbg.js": 1624441358446,
  "controller/Worklist-dbg.controller.js": 1624441358426,
  "controller/Object-dbg.controller.js": 1624441358426,
  "controller/NotFound-dbg.controller.js": 1624441358422,
  "controller/ErrorHandler-dbg.js": 1624441358422,
  "controller/BaseController-dbg.js": 1624441358422,
  "controller/App-dbg.controller.js": 1624441358418,
  "Component-dbg.js": 1624441358414,
  "view/Worklist.view.xml": 1624441358470,
  "view/ObjectNotFound.view.xml": 1624441358470,
  "view/Object.view.xml": 1624441358466,
  "view/NotFound.view.xml": 1624441358466,
  "view/App.view.xml": 1624441358466,
  "test.html": 1624441358466,
  "index.html": 1624441358430
}